NAME	TITLE	SCORE	
S100A6	S100 calcium binding protein A6 [Source:HGNC Symbol;Acc:HGNC:10496]	1.8112748	
TMSB10	thymosin beta 10 [Source:HGNC Symbol;Acc:HGNC:11879]	1.5585064	
S100A11	S100 calcium binding protein A11 [Source:HGNC Symbol;Acc:HGNC:10488]	1.3630579	
CLU	clusterin [Source:HGNC Symbol;Acc:HGNC:2095]	1.3506386	
LY6D	lymphocyte antigen 6 family member D [Source:HGNC Symbol;Acc:HGNC:13348]	1.1775409	
MT-ND4L	mitochondrially encoded NADH:ubiquinone oxidoreductase core subunit 4L [Source:HGNC Symbol;Acc:HGNC:7460]	1.1311096	
LGALS3	galectin 3 [Source:HGNC Symbol;Acc:HGNC:6563]	1.0708758	
ACTB	actin beta [Source:HGNC Symbol;Acc:HGNC:132]	1.0671535	
LY6H	lymphocyte antigen 6 family member H [Source:HGNC Symbol;Acc:HGNC:6728]	1.0570902	
ANXA1	annexin A1 [Source:HGNC Symbol;Acc:HGNC:533]	1.0367514	
RPL41	ribosomal protein L41 [Source:HGNC Symbol;Acc:HGNC:10354]	1.0323173	
AREG	amphiregulin [Source:HGNC Symbol;Acc:HGNC:651]	1.0183526	
TMSB4X	thymosin beta 4 X-linked [Source:HGNC Symbol;Acc:HGNC:11881]	1.016165	
GSTA1	glutathione S-transferase alpha 1 [Source:HGNC Symbol;Acc:HGNC:4626]	0.98973125	
RPS28	ribosomal protein S28 [Source:HGNC Symbol;Acc:HGNC:10418]	0.9433043	
SCD	stearoyl-CoA desaturase [Source:HGNC Symbol;Acc:HGNC:10571]	0.9035184	
EMP1	epithelial membrane protein 1 [Source:HGNC Symbol;Acc:HGNC:3333]	0.894597	
FAM162A	family with sequence similarity 162 member A [Source:HGNC Symbol;Acc:HGNC:17865]	0.8848053	
IL1RN	interleukin 1 receptor antagonist [Source:HGNC Symbol;Acc:HGNC:6000]	0.8720593	
ANXA10	annexin A10 [Source:HGNC Symbol;Acc:HGNC:534]	0.81684244	
RPS29	ribosomal protein S29 [Source:HGNC Symbol;Acc:HGNC:10419]	0.81115913	
RPL37A	ribosomal protein L37a [Source:HGNC Symbol;Acc:HGNC:10348]	0.7969696	
ABHD2	abhydrolase domain containing 2, acylglycerol lipase [Source:HGNC Symbol;Acc:HGNC:18717]	0.793676	
FLNB	filamin B [Source:HGNC Symbol;Acc:HGNC:3755]	0.79152536	
RPL38	ribosomal protein L38 [Source:HGNC Symbol;Acc:HGNC:10349]	0.7375556	
PHLDA1	pleckstrin homology like domain family A member 1 [Source:HGNC Symbol;Acc:HGNC:8933]	0.7318365	
PMEPA1	prostate transmembrane protein, androgen induced 1 [Source:HGNC Symbol;Acc:HGNC:14107]	0.72939914	
CTNNB1	catenin beta 1 [Source:HGNC Symbol;Acc:HGNC:2514]	0.7286321	
ANXA2	annexin A2 [Source:HGNC Symbol;Acc:HGNC:537]	0.7271066	
F3	coagulation factor III, tissue factor [Source:HGNC Symbol;Acc:HGNC:3541]	0.72709066	
SPTSSB	serine palmitoyltransferase small subunit B [Source:HGNC Symbol;Acc:HGNC:24045]	0.7111921	
MT-ATP8	mitochondrially encoded ATP synthase membrane subunit 8 [Source:HGNC Symbol;Acc:HGNC:7415]	0.6686975	
KRT7	keratin 7 [Source:HGNC Symbol;Acc:HGNC:6445]	0.6648292	
PROM1	prominin 1 [Source:HGNC Symbol;Acc:HGNC:9454]	0.66137385	
YWHAH	tyrosine 3-monooxygenase/tryptophan 5-monooxygenase activation protein eta [Source:HGNC Symbol;Acc:HGNC:12853]	0.65880036	
SULT6B2P	sulfotransferase family 6B member 2, pseudogene [Source:HGNC Symbol;Acc:HGNC:53737]	0.6576266	
RPL35	ribosomal protein L35 [Source:HGNC Symbol;Acc:HGNC:10344]	0.6545917	
CAPG	capping actin protein, gelsolin like [Source:HGNC Symbol;Acc:HGNC:1474]	0.6490554	
YWHAZ	tyrosine 3-monooxygenase/tryptophan 5-monooxygenase activation protein zeta [Source:HGNC Symbol;Acc:HGNC:12855]	0.644814	
RTN4	reticulon 4 [Source:HGNC Symbol;Acc:HGNC:14085]	0.6444034	
PHGR1	proline, histidine and glycine rich 1 [Source:HGNC Symbol;Acc:HGNC:37226]	0.6433284	
RPL37	ribosomal protein L37 [Source:HGNC Symbol;Acc:HGNC:10347]	0.64260864	
MAL2	mal, T cell differentiation protein 2 (gene/pseudogene) [Source:HGNC Symbol;Acc:HGNC:13634]	0.63183427	
LMNA	lamin A/C [Source:HGNC Symbol;Acc:HGNC:6636]	0.61657447	
RPL36	ribosomal protein L36 [Source:HGNC Symbol;Acc:HGNC:13631]	0.6095326	
CLDN2	claudin 2 [Source:HGNC Symbol;Acc:HGNC:2041]	0.60206014	
EIF4G2	eukaryotic translation initiation factor 4 gamma 2 [Source:HGNC Symbol;Acc:HGNC:3297]	0.5970148	
HIF1A	hypoxia inducible factor 1 subunit alpha [Source:HGNC Symbol;Acc:HGNC:4910]	0.5951408	
NOP10	NOP10 ribonucleoprotein [Source:HGNC Symbol;Acc:HGNC:14378]	0.5887596	
RPL39	ribosomal protein L39 [Source:HGNC Symbol;Acc:HGNC:10350]	0.5838735	
DUOX2	dual oxidase 2 [Source:HGNC Symbol;Acc:HGNC:13273]	0.5832644	
TSPO	translocator protein [Source:HGNC Symbol;Acc:HGNC:1158]	0.58126503	
ANXA3	annexin A3 [Source:HGNC Symbol;Acc:HGNC:541]	0.58008116	
S100A14	S100 calcium binding protein A14 [Source:HGNC Symbol;Acc:HGNC:18901]	0.5791584	
HNRNPA3	heterogeneous nuclear ribonucleoprotein A3 [Source:HGNC Symbol;Acc:HGNC:24941]	0.5767354	
WFDC2	WAP four-disulfide core domain 2 [Source:HGNC Symbol;Acc:HGNC:15939]	0.57303566	
CLDN4	claudin 4 [Source:HGNC Symbol;Acc:HGNC:2046]	0.5677968	
DSP	desmoplakin [Source:HGNC Symbol;Acc:HGNC:3052]	0.56237996	
CD44	CD44 molecule (Indian blood group) [Source:HGNC Symbol;Acc:HGNC:1681]	0.5619634	
SAT1	spermidine/spermine N1-acetyltransferase 1 [Source:HGNC Symbol;Acc:HGNC:10540]	0.55699456	
GCLC	glutamate-cysteine ligase catalytic subunit [Source:HGNC Symbol;Acc:HGNC:4311]	0.55501634	
C19orf33	chromosome 19 open reading frame 33 [Source:HGNC Symbol;Acc:HGNC:16668]	0.5528526	
PGAP1	post-GPI attachment to proteins inositol deacylase 1 [Source:HGNC Symbol;Acc:HGNC:25712]	0.5523008	
ERO1A	endoplasmic reticulum oxidoreductase 1 alpha [Source:HGNC Symbol;Acc:HGNC:13280]	0.54461724	
SPRR1A	small proline rich protein 1A [Source:HGNC Symbol;Acc:HGNC:11259]	0.5398656	
GPX2	glutathione peroxidase 2 [Source:HGNC Symbol;Acc:HGNC:4554]	0.5398607	
GPX1	glutathione peroxidase 1 [Source:HGNC Symbol;Acc:HGNC:4553]	0.5342737	
GPRC5A	G protein-coupled receptor class C group 5 member A [Source:HGNC Symbol;Acc:HGNC:9836]	0.53161645	
AHNAK	AHNAK nucleoprotein [Source:HGNC Symbol;Acc:HGNC:347]	0.52428854	
LAMC2	laminin subunit gamma 2 [Source:HGNC Symbol;Acc:HGNC:6493]	0.52287126	
TOMM7	translocase of outer mitochondrial membrane 7 [Source:HGNC Symbol;Acc:HGNC:21648]	0.5224393	
ATOX1	antioxidant 1 copper chaperone [Source:HGNC Symbol;Acc:HGNC:798]	0.51790524	
CDH1	cadherin 1 [Source:HGNC Symbol;Acc:HGNC:1748]	0.51457083	
CYBA	cytochrome b-245 alpha chain [Source:HGNC Symbol;Acc:HGNC:2577]	0.51425695	
DSG2	desmoglein 2 [Source:HGNC Symbol;Acc:HGNC:3049]	0.5113564	
MRPL52	mitochondrial ribosomal protein L52 [Source:HGNC Symbol;Acc:HGNC:16655]	0.5062433	
IL33	interleukin 33 [Source:HGNC Symbol;Acc:HGNC:16028]	0.50267494	
CCDC71L	coiled-coil domain containing 71 like [Source:HGNC Symbol;Acc:HGNC:26685]	0.50173885	
AVPI1	arginine vasopressin induced 1 [Source:HGNC Symbol;Acc:HGNC:30898]	0.5008779	
MIF	macrophage migration inhibitory factor [Source:HGNC Symbol;Acc:HGNC:7097]	0.50068504	
APRT	adenine phosphoribosyltransferase [Source:HGNC Symbol;Acc:HGNC:626]	0.5005297	
ROMO1	reactive oxygen species modulator 1 [Source:HGNC Symbol;Acc:HGNC:16185]	0.49944764	
CSTB	cystatin B [Source:HGNC Symbol;Acc:HGNC:2482]	0.49803227	
LMO7	LIM domain 7 [Source:HGNC Symbol;Acc:HGNC:6646]	0.49391484	
ACTN1	actinin alpha 1 [Source:HGNC Symbol;Acc:HGNC:163]	0.49115393	
FAT1	FAT atypical cadherin 1 [Source:HGNC Symbol;Acc:HGNC:3595]	0.49035943	
UQCR11	ubiquinol-cytochrome c reductase, complex III subunit XI [Source:HGNC Symbol;Acc:HGNC:30862]	0.48772773	
YWHAG	tyrosine 3-monooxygenase/tryptophan 5-monooxygenase activation protein gamma [Source:HGNC Symbol;Acc:HGNC:12852]	0.48669165	
DDX3X	DEAD-box helicase 3 X-linked [Source:HGNC Symbol;Acc:HGNC:2745]	0.48334476	
LPCAT4	lysophosphatidylcholine acyltransferase 4 [Source:HGNC Symbol;Acc:HGNC:30059]	0.4827412	
GSR	glutathione-disulfide reductase [Source:HGNC Symbol;Acc:HGNC:4623]	0.48166406	
ACTR2	actin related protein 2 [Source:HGNC Symbol;Acc:HGNC:169]	0.48093873	
PGD	phosphogluconate dehydrogenase [Source:HGNC Symbol;Acc:HGNC:8891]	0.4776815	
H2AJ	H2A.J histone [Source:HGNC Symbol;Acc:HGNC:14456]	0.4764221	
PGLYRP1	peptidoglycan recognition protein 1 [Source:HGNC Symbol;Acc:HGNC:8904]	0.474208	
HNRNPH1	heterogeneous nuclear ribonucleoprotein H1 [Source:HGNC Symbol;Acc:HGNC:5041]	0.46944776	
SNRPG	small nuclear ribonucleoprotein polypeptide G [Source:HGNC Symbol;Acc:HGNC:11163]	0.46854398	
APP	amyloid beta precursor protein [Source:HGNC Symbol;Acc:HGNC:620]	0.4662449	
SNHG9	small nucleolar RNA host gene 9 [Source:HGNC Symbol;Acc:HGNC:33102]	0.46548316	
PGK1	phosphoglycerate kinase 1 [Source:HGNC Symbol;Acc:HGNC:8896]	0.46364722	
ATP5MD	ATP synthase membrane subunit DAPIT [Source:HGNC Symbol;Acc:HGNC:30889]	0.46275908	
TPM4	tropomyosin 4 [Source:HGNC Symbol;Acc:HGNC:12013]	0.46103615	
RHPN2	rhophilin Rho GTPase binding protein 2 [Source:HGNC Symbol;Acc:HGNC:19974]	0.46065387	
BOLA2B	bolA family member 2B [Source:HGNC Symbol;Acc:HGNC:32479]	0.46020058	
MBOAT1	membrane bound O-acyltransferase domain containing 1 [Source:HGNC Symbol;Acc:HGNC:21579]	0.45899194	
PTGES3	prostaglandin E synthase 3 [Source:HGNC Symbol;Acc:HGNC:16049]	0.4586679	
ITGA6	integrin subunit alpha 6 [Source:HGNC Symbol;Acc:HGNC:6142]	0.45466202	
BTC	betacellulin [Source:HGNC Symbol;Acc:HGNC:1121]	0.4545145	
PDLIM7	PDZ and LIM domain 7 [Source:HGNC Symbol;Acc:HGNC:22958]	0.4528631	
SLC39A4	solute carrier family 39 member 4 [Source:HGNC Symbol;Acc:HGNC:17129]	0.44865787	
SFN	stratifin [Source:HGNC Symbol;Acc:HGNC:10773]	0.4480418	
CAVIN3	caveolae associated protein 3 [Source:HGNC Symbol;Acc:HGNC:9400]	0.4476616	
SDC1	syndecan 1 [Source:HGNC Symbol;Acc:HGNC:10658]	0.44650328	
MYL7	myosin light chain 7 [Source:HGNC Symbol;Acc:HGNC:21719]	0.446391	
ONECUT2	one cut homeobox 2 [Source:HGNC Symbol;Acc:HGNC:8139]	0.44561997	
ANXA5	annexin A5 [Source:HGNC Symbol;Acc:HGNC:543]	0.44477916	
PRDX6	peroxiredoxin 6 [Source:HGNC Symbol;Acc:HGNC:16753]	0.444458	
EIF2S2	eukaryotic translation initiation factor 2 subunit beta [Source:HGNC Symbol;Acc:HGNC:3266]	0.4443363	
KRT8	keratin 8 [Source:HGNC Symbol;Acc:HGNC:6446]	0.4440077	
SEM1	SEM1 26S proteasome complex subunit [Source:HGNC Symbol;Acc:HGNC:10845]	0.44360012	
SOD1	superoxide dismutase 1 [Source:HGNC Symbol;Acc:HGNC:11179]	0.4435756	
PLAUR	plasminogen activator, urokinase receptor [Source:HGNC Symbol;Acc:HGNC:9053]	0.44230977	
BZW1	basic leucine zipper and W2 domains 1 [Source:HGNC Symbol;Acc:HGNC:18380]	0.43943277	
CTSD	cathepsin D [Source:HGNC Symbol;Acc:HGNC:2529]	0.43882084	
UGDH	UDP-glucose 6-dehydrogenase [Source:HGNC Symbol;Acc:HGNC:12525]	0.43833262	
GCH1	GTP cyclohydrolase 1 [Source:HGNC Symbol;Acc:HGNC:4193]	0.43810585	
SLC39A1	solute carrier family 39 member 1 [Source:HGNC Symbol;Acc:HGNC:12876]	0.43693942	
AZIN1	antizyme inhibitor 1 [Source:HGNC Symbol;Acc:HGNC:16432]	0.43542603	
MARCKS	myristoylated alanine rich protein kinase C substrate [Source:HGNC Symbol;Acc:HGNC:6759]	0.43441522	
HSPA9	heat shock protein family A (Hsp70) member 9 [Source:HGNC Symbol;Acc:HGNC:5244]	0.42922276	
EIF2S3	eukaryotic translation initiation factor 2 subunit gamma [Source:HGNC Symbol;Acc:HGNC:3267]	0.42801443	
HNRNPL	heterogeneous nuclear ribonucleoprotein L [Source:HGNC Symbol;Acc:HGNC:5045]	0.4276274	
SDCBP	syndecan binding protein [Source:HGNC Symbol;Acc:HGNC:10662]	0.42084342	
COX7C	cytochrome c oxidase subunit 7C [Source:HGNC Symbol;Acc:HGNC:2292]	0.42079756	
PLSCR1	phospholipid scramblase 1 [Source:HGNC Symbol;Acc:HGNC:9092]	0.42046493	
RPS27	ribosomal protein S27 [Source:HGNC Symbol;Acc:HGNC:10416]	0.41813853	
C15orf48	chromosome 15 open reading frame 48 [Source:HGNC Symbol;Acc:HGNC:29898]	0.41682193	
ATP10B	ATPase phospholipid transporting 10B (putative) [Source:HGNC Symbol;Acc:HGNC:13543]	0.41347808	
RPL31	ribosomal protein L31 [Source:HGNC Symbol;Acc:HGNC:10334]	0.41286042	
PLEC	plectin [Source:HGNC Symbol;Acc:HGNC:9069]	0.41257897	
PKM	pyruvate kinase M1/2 [Source:HGNC Symbol;Acc:HGNC:9021]	0.41232738	
KRT19	keratin 19 [Source:HGNC Symbol;Acc:HGNC:6436]	0.41142556	
BASP1	brain abundant membrane attached signal protein 1 [Source:HGNC Symbol;Acc:HGNC:957]	0.4096361	
CEACAM1	CEA cell adhesion molecule 1 [Source:HGNC Symbol;Acc:HGNC:1814]	0.40932006	
WDR1	WD repeat domain 1 [Source:HGNC Symbol;Acc:HGNC:12754]	0.4075034	
INSIG1	insulin induced gene 1 [Source:HGNC Symbol;Acc:HGNC:6083]	0.406687	
C4orf3	chromosome 4 open reading frame 3 [Source:HGNC Symbol;Acc:HGNC:19225]	0.40610352	
MARCKSL1	MARCKS like 1 [Source:HGNC Symbol;Acc:HGNC:7142]	0.40424815	
KRT18	keratin 18 [Source:HGNC Symbol;Acc:HGNC:6430]	0.40142855	
S100A16	S100 calcium binding protein A16 [Source:HGNC Symbol;Acc:HGNC:20441]	0.39866823	
RPL22L1	ribosomal protein L22 like 1 [Source:HGNC Symbol;Acc:HGNC:27610]	0.3983732	
AKR1B10	aldo-keto reductase family 1 member B10 [Source:HGNC Symbol;Acc:HGNC:382]	0.39671436	
ATP5F1E	ATP synthase F1 subunit epsilon [Source:HGNC Symbol;Acc:HGNC:838]	0.3967072	
PCBP1	poly(rC) binding protein 1 [Source:HGNC Symbol;Acc:HGNC:8647]	0.39520898	
HIGD1A	HIG1 hypoxia inducible domain family member 1A [Source:HGNC Symbol;Acc:HGNC:29527]	0.39454192	
BHLHE40	basic helix-loop-helix family member e40 [Source:HGNC Symbol;Acc:HGNC:1046]	0.39408618	
METAP2	methionyl aminopeptidase 2 [Source:HGNC Symbol;Acc:HGNC:16672]	0.39395592	
ARPP19	cAMP regulated phosphoprotein 19 [Source:HGNC Symbol;Acc:HGNC:16967]	0.3938397	
NCL	nucleolin [Source:HGNC Symbol;Acc:HGNC:7667]	0.38972682	
COPS9	COP9 signalosome subunit 9 [Source:HGNC Symbol;Acc:HGNC:21314]	0.3878326	
IDH1	isocitrate dehydrogenase (NADP(+)) 1 [Source:HGNC Symbol;Acc:HGNC:5382]	0.38597342	
PTP4A1	protein tyrosine phosphatase 4A1 [Source:HGNC Symbol;Acc:HGNC:9634]	0.38416278	
ARF6	ADP ribosylation factor 6 [Source:HGNC Symbol;Acc:HGNC:659]	0.38350344	
IGKC	immunoglobulin kappa constant [Source:HGNC Symbol;Acc:HGNC:5716]	0.38226518	
JUP	junction plakoglobin [Source:HGNC Symbol;Acc:HGNC:6207]	0.379791	
ACSL3	acyl-CoA synthetase long chain family member 3 [Source:HGNC Symbol;Acc:HGNC:3570]	0.37829912	
GNG5	G protein subunit gamma 5 [Source:HGNC Symbol;Acc:HGNC:4408]	0.3773399	
IDI1	isopentenyl-diphosphate delta isomerase 1 [Source:HGNC Symbol;Acc:HGNC:5387]	0.3750645	
IFRD1	interferon related developmental regulator 1 [Source:HGNC Symbol;Acc:HGNC:5456]	0.3726617	
RPS27L	ribosomal protein S27 like [Source:HGNC Symbol;Acc:HGNC:18476]	0.3717174	
SLC25A24	solute carrier family 25 member 24 [Source:HGNC Symbol;Acc:HGNC:20662]	0.3696472	
CAPNS1	calpain small subunit 1 [Source:HGNC Symbol;Acc:HGNC:1481]	0.36843792	
ZFP36L2	ZFP36 ring finger protein like 2 [Source:HGNC Symbol;Acc:HGNC:1108]	0.3678143	
RPLP2	ribosomal protein lateral stalk subunit P2 [Source:HGNC Symbol;Acc:HGNC:10377]	0.36762473	
RFLNB	refilin B [Source:HGNC Symbol;Acc:HGNC:28705]	0.36592937	
ATG9B	autophagy related 9B [Source:HGNC Symbol;Acc:HGNC:21899]	0.36579072	
SYT8	synaptotagmin 8 [Source:HGNC Symbol;Acc:HGNC:19264]	0.36573082	
TSPAN12	tetraspanin 12 [Source:HGNC Symbol;Acc:HGNC:21641]	0.3654777	
ATP2A2	ATPase sarcoplasmic/endoplasmic reticulum Ca2+ transporting 2 [Source:HGNC Symbol;Acc:HGNC:812]	0.36441228	
C6orf62	chromosome 6 open reading frame 62 [Source:HGNC Symbol;Acc:HGNC:20998]	0.3624682	
AGPS	alkylglycerone phosphate synthase [Source:HGNC Symbol;Acc:HGNC:327]	0.3614531	
CXCL16	C-X-C motif chemokine ligand 16 [Source:HGNC Symbol;Acc:HGNC:16642]	0.35898638	
SAMD5	sterile alpha motif domain containing 5 [Source:HGNC Symbol;Acc:HGNC:21180]	0.35854942	
CFTR	CF transmembrane conductance regulator [Source:HGNC Symbol;Acc:HGNC:1884]	0.35461247	
RPS21	ribosomal protein S21 [Source:HGNC Symbol;Acc:HGNC:10409]	0.35385314	
CSNK1A1	casein kinase 1 alpha 1 [Source:HGNC Symbol;Acc:HGNC:2451]	0.3527507	
BOK	BCL2 family apoptosis regulator BOK [Source:HGNC Symbol;Acc:HGNC:1087]	0.35215515	
ITGAV	integrin subunit alpha V [Source:HGNC Symbol;Acc:HGNC:6150]	0.35139856	
ANXA7	annexin A7 [Source:HGNC Symbol;Acc:HGNC:545]	0.35079387	
ATP5ME	ATP synthase membrane subunit e [Source:HGNC Symbol;Acc:HGNC:846]	0.349736	
FOXQ1	forkhead box Q1 [Source:HGNC Symbol;Acc:HGNC:20951]	0.34750813	
GGH	gamma-glutamyl hydrolase [Source:HGNC Symbol;Acc:HGNC:4248]	0.34552667	
ROCK2	Rho associated coiled-coil containing protein kinase 2 [Source:HGNC Symbol;Acc:HGNC:10252]	0.34392938	
CALM2	calmodulin 2 [Source:HGNC Symbol;Acc:HGNC:1445]	0.34339154	
RPL35A	ribosomal protein L35a [Source:HGNC Symbol;Acc:HGNC:10345]	0.34324554	
TES	testin LIM domain protein [Source:HGNC Symbol;Acc:HGNC:14620]	0.3430157	
KLF6	Kruppel like factor 6 [Source:HGNC Symbol;Acc:HGNC:2235]	0.34194744	
RAB1A	RAB1A, member RAS oncogene family [Source:HGNC Symbol;Acc:HGNC:9758]	0.34186652	
RBMS1	RNA binding motif single stranded interacting protein 1 [Source:HGNC Symbol;Acc:HGNC:9907]	0.34154418	
HNRNPK	heterogeneous nuclear ribonucleoprotein K [Source:HGNC Symbol;Acc:HGNC:5044]	0.3410333	
ALKBH5	alkB homolog 5, RNA demethylase [Source:HGNC Symbol;Acc:HGNC:25996]	0.34053364	
TNK2	tyrosine kinase non receptor 2 [Source:HGNC Symbol;Acc:HGNC:19297]	0.34011286	
MYO1C	myosin IC [Source:HGNC Symbol;Acc:HGNC:7597]	0.33910286	
PPP1R2	protein phosphatase 1 regulatory inhibitor subunit 2 [Source:HGNC Symbol;Acc:HGNC:9288]	0.337898	
PTBP3	polypyrimidine tract binding protein 3 [Source:HGNC Symbol;Acc:HGNC:10253]	0.33773878	
GSTA3	glutathione S-transferase alpha 3 [Source:HGNC Symbol;Acc:HGNC:4628]	0.33760884	
CTNND1	catenin delta 1 [Source:HGNC Symbol;Acc:HGNC:2515]	0.33686382	
NUCKS1	nuclear casein kinase and cyclin dependent kinase substrate 1 [Source:HGNC Symbol;Acc:HGNC:29923]	0.33629155	
RDH10	retinol dehydrogenase 10 [Source:HGNC Symbol;Acc:HGNC:19975]	0.33457834	
MECOM	MDS1 and EVI1 complex locus [Source:HGNC Symbol;Acc:HGNC:3498]	0.33449045	
POR	cytochrome p450 oxidoreductase [Source:HGNC Symbol;Acc:HGNC:9208]	0.33342284	
CD9	CD9 molecule [Source:HGNC Symbol;Acc:HGNC:1709]	0.3329449	
FKBP1A	FKBP prolyl isomerase 1A [Source:HGNC Symbol;Acc:HGNC:3711]	0.3318856	
NDUFA3	NADH:ubiquinone oxidoreductase subunit A3 [Source:HGNC Symbol;Acc:HGNC:7686]	0.33006063	
RPL27	ribosomal protein L27 [Source:HGNC Symbol;Acc:HGNC:10328]	0.32986155	
UQCR10	ubiquinol-cytochrome c reductase, complex III subunit X [Source:HGNC Symbol;Acc:HGNC:30863]	0.32897314	
EIF3B	eukaryotic translation initiation factor 3 subunit B [Source:HGNC Symbol;Acc:HGNC:3280]	0.3283243	
ALCAM	activated leukocyte cell adhesion molecule [Source:HGNC Symbol;Acc:HGNC:400]	0.32816574	
RBP1	retinol binding protein 1 [Source:HGNC Symbol;Acc:HGNC:9919]	0.32687724	
RPS26	ribosomal protein S26 [Source:HGNC Symbol;Acc:HGNC:10414]	0.32655337	
MYADM	myeloid associated differentiation marker [Source:HGNC Symbol;Acc:HGNC:7544]	0.3258873	
PTGFRN	prostaglandin F2 receptor inhibitor [Source:HGNC Symbol;Acc:HGNC:9601]	0.32522985	
XIST	X inactive specific transcript [Source:HGNC Symbol;Acc:HGNC:12810]	0.32437506	
NONO	non-POU domain containing octamer binding [Source:HGNC Symbol;Acc:HGNC:7871]	0.32290542	
ALYREF	Aly/REF export factor [Source:HGNC Symbol;Acc:HGNC:19071]	0.32181177	
B4GALT6	beta-1,4-galactosyltransferase 6 [Source:HGNC Symbol;Acc:HGNC:929]	0.3206465	
NAP1L1	nucleosome assembly protein 1 like 1 [Source:HGNC Symbol;Acc:HGNC:7637]	0.31898552	
MAPK1IP1L	mitogen-activated protein kinase 1 interacting protein 1 like [Source:HGNC Symbol;Acc:HGNC:19840]	0.31684	
SNRPF	small nuclear ribonucleoprotein polypeptide F [Source:HGNC Symbol;Acc:HGNC:11162]	0.31538653	
NDUFA2	NADH:ubiquinone oxidoreductase subunit A2 [Source:HGNC Symbol;Acc:HGNC:7685]	0.315179	
CAPN2	calpain 2 [Source:HGNC Symbol;Acc:HGNC:1479]	0.31434137	
PLAT	plasminogen activator, tissue type [Source:HGNC Symbol;Acc:HGNC:9051]	0.3140314	
ACTG1	actin gamma 1 [Source:HGNC Symbol;Acc:HGNC:144]	0.31394404	
SHF	Src homology 2 domain containing F [Source:HGNC Symbol;Acc:HGNC:25116]	0.3137078	
FAR1	fatty acyl-CoA reductase 1 [Source:HGNC Symbol;Acc:HGNC:26222]	0.31326684	
RRAS2	RAS related 2 [Source:HGNC Symbol;Acc:HGNC:17271]	0.31309986	
HES1	hes family bHLH transcription factor 1 [Source:HGNC Symbol;Acc:HGNC:5192]	0.3126902	
GALNT3	polypeptide N-acetylgalactosaminyltransferase 3 [Source:HGNC Symbol;Acc:HGNC:4125]	0.31100655	
ITGB1	integrin subunit beta 1 [Source:HGNC Symbol;Acc:HGNC:6153]	0.31028908	
SELENOH	selenoprotein H [Source:HGNC Symbol;Acc:HGNC:18251]	0.30972967	
ABHD17C	abhydrolase domain containing 17C, depalmitoylase [Source:HGNC Symbol;Acc:HGNC:26925]	0.30795813	
FOXA1	forkhead box A1 [Source:HGNC Symbol;Acc:HGNC:5021]	0.30772322	
MRPL33	mitochondrial ribosomal protein L33 [Source:HGNC Symbol;Acc:HGNC:14487]	0.30760527	
CAPZA1	capping actin protein of muscle Z-line subunit alpha 1 [Source:HGNC Symbol;Acc:HGNC:1488]	0.3072003	
IBTK	inhibitor of Bruton tyrosine kinase [Source:HGNC Symbol;Acc:HGNC:17853]	0.30712128	
MORF4L2	mortality factor 4 like 2 [Source:HGNC Symbol;Acc:HGNC:16849]	0.3069269	
SKP1	S-phase kinase associated protein 1 [Source:HGNC Symbol;Acc:HGNC:10899]	0.30495572	
UBL5	ubiquitin like 5 [Source:HGNC Symbol;Acc:HGNC:13736]	0.30484927	
DYNLL1	dynein light chain LC8-type 1 [Source:HGNC Symbol;Acc:HGNC:15476]	0.30401757	
DUOXA2	dual oxidase maturation factor 2 [Source:HGNC Symbol;Acc:HGNC:32698]	0.30394998	
SEC61G	SEC61 translocon subunit gamma [Source:HGNC Symbol;Acc:HGNC:18277]	0.3034874	
HK2	hexokinase 2 [Source:HGNC Symbol;Acc:HGNC:4923]	0.30186635	
SNRPE	small nuclear ribonucleoprotein polypeptide E [Source:HGNC Symbol;Acc:HGNC:11161]	0.30182502	
ATP5MC3	ATP synthase membrane subunit c locus 3 [Source:HGNC Symbol;Acc:HGNC:843]	0.30096892	
RPL36A	ribosomal protein L36a [Source:HGNC Symbol;Acc:HGNC:10359]	0.30072448	
CRK	CRK proto-oncogene, adaptor protein [Source:HGNC Symbol;Acc:HGNC:2362]	0.29739305	
ZFAND5	zinc finger AN1-type containing 5 [Source:HGNC Symbol;Acc:HGNC:13008]	0.2971888	
CORO2A	coronin 2A [Source:HGNC Symbol;Acc:HGNC:2255]	0.29625162	
CTNNA1	catenin alpha 1 [Source:HGNC Symbol;Acc:HGNC:2509]	0.29551306	
MFSD4A	major facilitator superfamily domain containing 4A [Source:HGNC Symbol;Acc:HGNC:25433]	0.2949984	
SRSF6	serine and arginine rich splicing factor 6 [Source:HGNC Symbol;Acc:HGNC:10788]	0.29484788	
TNFRSF12A	TNF receptor superfamily member 12A [Source:HGNC Symbol;Acc:HGNC:18152]	0.29406968	
TMEM256	transmembrane protein 256 [Source:HGNC Symbol;Acc:HGNC:28618]	0.29405832	
DSC2	desmocollin 2 [Source:HGNC Symbol;Acc:HGNC:3036]	0.2926618	
LSM7	LSM7 homolog, U6 small nuclear RNA and mRNA degradation associated [Source:HGNC Symbol;Acc:HGNC:20470]	0.29098085	
COX17	cytochrome c oxidase copper chaperone COX17 [Source:HGNC Symbol;Acc:HGNC:2264]	0.29027545	
ST6GALNAC6	ST6 N-acetylgalactosaminide alpha-2,6-sialyltransferase 6 [Source:HGNC Symbol;Acc:HGNC:23364]	0.29001728	
MT1A	metallothionein 1A [Source:HGNC Symbol;Acc:HGNC:7393]	0.28974506	
ST8SIA6	ST8 alpha-N-acetyl-neuraminide alpha-2,8-sialyltransferase 6 [Source:HGNC Symbol;Acc:HGNC:23317]	0.28966284	
F11R	F11 receptor [Source:HGNC Symbol;Acc:HGNC:14685]	0.2896535	
RAB11A	RAB11A, member RAS oncogene family [Source:HGNC Symbol;Acc:HGNC:9760]	0.28845903	
PDCD6IP	programmed cell death 6 interacting protein [Source:HGNC Symbol;Acc:HGNC:8766]	0.28747544	
TPM1	tropomyosin 1 [Source:HGNC Symbol;Acc:HGNC:12010]	0.28688678	
SLC25A1	solute carrier family 25 member 1 [Source:HGNC Symbol;Acc:HGNC:10979]	0.28337252	
EPHA2	EPH receptor A2 [Source:HGNC Symbol;Acc:HGNC:3386]	0.28151095	
HMGCR	3-hydroxy-3-methylglutaryl-CoA reductase [Source:HGNC Symbol;Acc:HGNC:5006]	0.2808749	
KCTD10	potassium channel tetramerization domain containing 10 [Source:HGNC Symbol;Acc:HGNC:23236]	0.28083903	
GSTO1	glutathione S-transferase omega 1 [Source:HGNC Symbol;Acc:HGNC:13312]	0.28072146	
SOX9	SRY-box transcription factor 9 [Source:HGNC Symbol;Acc:HGNC:11204]	0.28071806	
SLK	STE20 like kinase [Source:HGNC Symbol;Acc:HGNC:11088]	0.2805902	
RPS15	ribosomal protein S15 [Source:HGNC Symbol;Acc:HGNC:10388]	0.2800569	
GSS	glutathione synthetase [Source:HGNC Symbol;Acc:HGNC:4624]	0.27953002	
HNRNPAB	heterogeneous nuclear ribonucleoprotein A/B [Source:HGNC Symbol;Acc:HGNC:5034]	0.2795132	
POLR2L	RNA polymerase II subunit L [Source:HGNC Symbol;Acc:HGNC:9199]	0.27666935	
MYOF	myoferlin [Source:HGNC Symbol;Acc:HGNC:3656]	0.2765659	
POLR2K	RNA polymerase II subunit K [Source:HGNC Symbol;Acc:HGNC:9198]	0.27627444	
ITGA3	integrin subunit alpha 3 [Source:HGNC Symbol;Acc:HGNC:6139]	0.27550107	
SLC4A7	solute carrier family 4 member 7 [Source:HGNC Symbol;Acc:HGNC:11033]	0.2752851	
PABPC4	poly(A) binding protein cytoplasmic 4 [Source:HGNC Symbol;Acc:HGNC:8557]	0.27486885	
ELOB	elongin B [Source:HGNC Symbol;Acc:HGNC:11619]	0.27436924	
TM9SF3	transmembrane 9 superfamily member 3 [Source:HGNC Symbol;Acc:HGNC:21529]	0.27432683	
DHCR24	24-dehydrocholesterol reductase [Source:HGNC Symbol;Acc:HGNC:2859]	0.27300933	
ATP5MPL	ATP synthase membrane subunit 6.8PL [Source:HGNC Symbol;Acc:HGNC:1188]	0.27132368	
ADAM10	ADAM metallopeptidase domain 10 [Source:HGNC Symbol;Acc:HGNC:188]	0.27086872	
MYH9	myosin heavy chain 9 [Source:HGNC Symbol;Acc:HGNC:7579]	0.2704037	
TJP2	tight junction protein 2 [Source:HGNC Symbol;Acc:HGNC:11828]	0.2702714	
ARHGDIA	Rho GDP dissociation inhibitor alpha [Source:HGNC Symbol;Acc:HGNC:678]	0.26973832	
CA9	carbonic anhydrase 9 [Source:HGNC Symbol;Acc:HGNC:1383]	0.26963264	
PRRC2A	proline rich coiled-coil 2A [Source:HGNC Symbol;Acc:HGNC:13918]	0.26801956	
KRT23	keratin 23 [Source:HGNC Symbol;Acc:HGNC:6438]	0.2679625	
SERPINB5	serpin family B member 5 [Source:HGNC Symbol;Acc:HGNC:8949]	0.2667475	
CNOT6	CCR4-NOT transcription complex subunit 6 [Source:HGNC Symbol;Acc:HGNC:14099]	0.26667118	
KLF5	Kruppel like factor 5 [Source:HGNC Symbol;Acc:HGNC:6349]	0.2658245	
DAZAP2	DAZ associated protein 2 [Source:HGNC Symbol;Acc:HGNC:2684]	0.26575974	
ELAVL1	ELAV like RNA binding protein 1 [Source:HGNC Symbol;Acc:HGNC:3312]	0.26544318	
TUBB	tubulin beta class I [Source:HGNC Symbol;Acc:HGNC:20778]	0.2653183	
ATP8B1	ATPase phospholipid transporting 8B1 [Source:HGNC Symbol;Acc:HGNC:3706]	0.26462263	
TGFBR2	transforming growth factor beta receptor 2 [Source:HGNC Symbol;Acc:HGNC:11773]	0.26395673	
EFHD2	EF-hand domain family member D2 [Source:HGNC Symbol;Acc:HGNC:28670]	0.26236197	
HK1	hexokinase 1 [Source:HGNC Symbol;Acc:HGNC:4922]	0.26185456	
ITPRID2	ITPR interacting domain containing 2 [Source:HGNC Symbol;Acc:HGNC:11319]	0.2615625	
CLIC1	chloride intracellular channel 1 [Source:HGNC Symbol;Acc:HGNC:2062]	0.26141423	
KCNN4	potassium calcium-activated channel subfamily N member 4 [Source:HGNC Symbol;Acc:HGNC:6293]	0.260106	
DSTN	destrin, actin depolymerizing factor [Source:HGNC Symbol;Acc:HGNC:15750]	0.25941053	
MALAT1	metastasis associated lung adenocarcinoma transcript 1 [Source:HGNC Symbol;Acc:HGNC:29665]	0.25939387	
TINAGL1	tubulointerstitial nephritis antigen like 1 [Source:HGNC Symbol;Acc:HGNC:19168]	0.2591296	
CMAS	cytidine monophosphate N-acetylneuraminic acid synthetase [Source:HGNC Symbol;Acc:HGNC:18290]	0.25880063	
ITGB4	integrin subunit beta 4 [Source:HGNC Symbol;Acc:HGNC:6158]	0.25866872	
IER3	immediate early response 3 [Source:HGNC Symbol;Acc:HGNC:5392]	0.25861457	
THBS1	thrombospondin 1 [Source:HGNC Symbol;Acc:HGNC:11785]	0.25851464	
FLNA	filamin A [Source:HGNC Symbol;Acc:HGNC:3754]	0.25766602	
TCF7L2	transcription factor 7 like 2 [Source:HGNC Symbol;Acc:HGNC:11641]	0.25733882	
NAA38	N-alpha-acetyltransferase 38, NatC auxiliary subunit [Source:HGNC Symbol;Acc:HGNC:28212]	0.2567169	
PIN4	peptidylprolyl cis/trans isomerase, NIMA-interacting 4 [Source:HGNC Symbol;Acc:HGNC:8992]	0.2564881	
KITLG	KIT ligand [Source:HGNC Symbol;Acc:HGNC:6343]	0.25637063	
LBR	lamin B receptor [Source:HGNC Symbol;Acc:HGNC:6518]	0.25614494	
MYL12A	myosin light chain 12A [Source:HGNC Symbol;Acc:HGNC:16701]	0.25582826	
MT-ND6	mitochondrially encoded NADH:ubiquinone oxidoreductase core subunit 6 [Source:HGNC Symbol;Acc:HGNC:7462]	0.25566757	
NME1	NME/NM23 nucleoside diphosphate kinase 1 [Source:HGNC Symbol;Acc:HGNC:7849]	0.25545382	
MSMO1	methylsterol monooxygenase 1 [Source:HGNC Symbol;Acc:HGNC:10545]	0.25521475	
C9orf16	chromosome 9 open reading frame 16 [Source:HGNC Symbol;Acc:HGNC:17823]	0.2550706	
B3GNT3	UDP-GlcNAc:betaGal beta-1,3-N-acetylglucosaminyltransferase 3 [Source:HGNC Symbol;Acc:HGNC:13528]	0.25419202	
RPS17	ribosomal protein S17 [Source:HGNC Symbol;Acc:HGNC:10397]	0.2540962	
ME1	malic enzyme 1 [Source:HGNC Symbol;Acc:HGNC:6983]	0.25407246	
TRIP12	thyroid hormone receptor interactor 12 [Source:HGNC Symbol;Acc:HGNC:12306]	0.25379166	
TM4SF20	transmembrane 4 L six family member 20 [Source:HGNC Symbol;Acc:HGNC:26230]	0.25236014	
IQGAP1	IQ motif containing GTPase activating protein 1 [Source:HGNC Symbol;Acc:HGNC:6110]	0.25188178	
NIBAN2	niban apoptosis regulator 2 [Source:HGNC Symbol;Acc:HGNC:25282]	0.25158584	
OASL	2'-5'-oligoadenylate synthetase like [Source:HGNC Symbol;Acc:HGNC:8090]	0.25144473	
GFPT1	glutamine--fructose-6-phosphate transaminase 1 [Source:HGNC Symbol;Acc:HGNC:4241]	0.25076023	
APOE	apolipoprotein E [Source:HGNC Symbol;Acc:HGNC:613]	0.25045925	
CAMK2N1	calcium/calmodulin dependent protein kinase II inhibitor 1 [Source:HGNC Symbol;Acc:HGNC:24190]	-0.25001192	
HDHD3	haloacid dehalogenase like hydrolase domain containing 3 [Source:HGNC Symbol;Acc:HGNC:28171]	-0.2500802	
CLDN7	claudin 7 [Source:HGNC Symbol;Acc:HGNC:2049]	-0.25063968	
SELENOS	selenoprotein S [Source:HGNC Symbol;Acc:HGNC:30396]	-0.25083336	
RPL7A	ribosomal protein L7a [Source:HGNC Symbol;Acc:HGNC:10364]	-0.25095263	
TPSG1	tryptase gamma 1 [Source:HGNC Symbol;Acc:HGNC:14134]	-0.25181758	
TMEM236	transmembrane protein 236 [Source:HGNC Symbol;Acc:HGNC:23473]	-0.25192505	
FAM98C	family with sequence similarity 98 member C [Source:HGNC Symbol;Acc:HGNC:27119]	-0.2520691	
MICOS13	mitochondrial contact site and cristae organizing system subunit 13 [Source:HGNC Symbol;Acc:HGNC:33702]	-0.25249976	
CD302	CD302 molecule [Source:HGNC Symbol;Acc:HGNC:30843]	-0.2530101	
DECR1	2,4-dienoyl-CoA reductase 1 [Source:HGNC Symbol;Acc:HGNC:2753]	-0.25323325	
HINT2	histidine triad nucleotide binding protein 2 [Source:HGNC Symbol;Acc:HGNC:18344]	-0.25352675	
DDRGK1	DDRGK domain containing 1 [Source:HGNC Symbol;Acc:HGNC:16110]	-0.25364518	
PEBP1	phosphatidylethanolamine binding protein 1 [Source:HGNC Symbol;Acc:HGNC:8630]	-0.25384712	
CHCHD3	coiled-coil-helix-coiled-coil-helix domain containing 3 [Source:HGNC Symbol;Acc:HGNC:21906]	-0.2554167	
TREH	trehalase [Source:HGNC Symbol;Acc:HGNC:12266]	-0.2554282	
PKIG	cAMP-dependent protein kinase inhibitor gamma [Source:HGNC Symbol;Acc:HGNC:9019]	-0.25554246	
PRSS23	serine protease 23 [Source:HGNC Symbol;Acc:HGNC:14370]	-0.25575924	
ELAPOR1	endosome-lysosome associated apoptosis and autophagy regulator 1 [Source:HGNC Symbol;Acc:HGNC:29618]	-0.25592673	
TMEM120A	transmembrane protein 120A [Source:HGNC Symbol;Acc:HGNC:21697]	-0.25618574	
HEXA	hexosaminidase subunit alpha [Source:HGNC Symbol;Acc:HGNC:4878]	-0.25622013	
CYB5R3	cytochrome b5 reductase 3 [Source:HGNC Symbol;Acc:HGNC:2873]	-0.2570411	
GSTM1	glutathione S-transferase mu 1 [Source:HGNC Symbol;Acc:HGNC:4632]	-0.25750473	
SLC5A8	solute carrier family 5 member 8 [Source:HGNC Symbol;Acc:HGNC:19119]	-0.25780538	
ATP1B1	ATPase Na+/K+ transporting subunit beta 1 [Source:HGNC Symbol;Acc:HGNC:804]	-0.25856656	
KRTCAP2	keratinocyte associated protein 2 [Source:HGNC Symbol;Acc:HGNC:28942]	-0.2590038	
NDUFB8	NADH:ubiquinone oxidoreductase subunit B8 [Source:HGNC Symbol;Acc:HGNC:7703]	-0.25959894	
HEXB	hexosaminidase subunit beta [Source:HGNC Symbol;Acc:HGNC:4879]	-0.2596286	
RPS6	ribosomal protein S6 [Source:HGNC Symbol;Acc:HGNC:10429]	-0.26126337	
ZFYVE21	zinc finger FYVE-type containing 21 [Source:HGNC Symbol;Acc:HGNC:20760]	-0.2629194	
TALDO1	transaldolase 1 [Source:HGNC Symbol;Acc:HGNC:11559]	-0.2629873	
CAT	catalase [Source:HGNC Symbol;Acc:HGNC:1516]	-0.2635556	
MSRA	methionine sulfoxide reductase A [Source:HGNC Symbol;Acc:HGNC:7377]	-0.26357388	
C1QTNF12	C1q and TNF related 12 [Source:HGNC Symbol;Acc:HGNC:32308]	-0.26384372	
ATP5PF	ATP synthase peripheral stalk subunit F6 [Source:HGNC Symbol;Acc:HGNC:847]	-0.26417196	
TMEM86A	transmembrane protein 86A [Source:HGNC Symbol;Acc:HGNC:26890]	-0.26426718	
SLC25A11	solute carrier family 25 member 11 [Source:HGNC Symbol;Acc:HGNC:10981]	-0.26452997	
PRSS30P	serine protease 30, pseudogene [Source:HGNC Symbol;Acc:HGNC:28753]	-0.26473254	
NCOR1	nuclear receptor corepressor 1 [Source:HGNC Symbol;Acc:HGNC:7672]	-0.2656391	
CDHR5	cadherin related family member 5 [Source:HGNC Symbol;Acc:HGNC:7521]	-0.26595378	
HSP90AB1	heat shock protein 90 alpha family class B member 1 [Source:HGNC Symbol;Acc:HGNC:5258]	-0.26613057	
AKR7A2	aldo-keto reductase family 7 member A2 [Source:HGNC Symbol;Acc:HGNC:389]	-0.26618087	
ACOT13	acyl-CoA thioesterase 13 [Source:HGNC Symbol;Acc:HGNC:20999]	-0.266199	
CDX2	caudal type homeobox 2 [Source:HGNC Symbol;Acc:HGNC:1806]	-0.26622695	
NDUFS7	NADH:ubiquinone oxidoreductase core subunit S7 [Source:HGNC Symbol;Acc:HGNC:7714]	-0.26643538	
ANG	angiogenin [Source:HGNC Symbol;Acc:HGNC:483]	-0.26653802	
TKFC	triokinase and FMN cyclase [Source:HGNC Symbol;Acc:HGNC:24552]	-0.26732463	
SLC34A2	solute carrier family 34 member 2 [Source:HGNC Symbol;Acc:HGNC:11020]	-0.26739463	
EIF3I	eukaryotic translation initiation factor 3 subunit I [Source:HGNC Symbol;Acc:HGNC:3272]	-0.26832983	
ARL1	ADP ribosylation factor like GTPase 1 [Source:HGNC Symbol;Acc:HGNC:692]	-0.2686802	
PLB1	phospholipase B1 [Source:HGNC Symbol;Acc:HGNC:30041]	-0.26874682	
IDH3B	isocitrate dehydrogenase (NAD(+)) 3 non-catalytic subunit beta [Source:HGNC Symbol;Acc:HGNC:5385]	-0.26882896	
HCFC1R1	host cell factor C1 regulator 1 [Source:HGNC Symbol;Acc:HGNC:21198]	-0.26893848	
ERICH4	glutamate rich 4 [Source:HGNC Symbol;Acc:HGNC:34497]	-0.26895565	
HERPUD1	homocysteine inducible ER protein with ubiquitin like domain 1 [Source:HGNC Symbol;Acc:HGNC:13744]	-0.27013925	
SLC6A20	solute carrier family 6 member 20 [Source:HGNC Symbol;Acc:HGNC:30927]	-0.27056396	
TBRG1	transforming growth factor beta regulator 1 [Source:HGNC Symbol;Acc:HGNC:29551]	-0.2709951	
RTRAF	RNA transcription, translation and transport factor [Source:HGNC Symbol;Acc:HGNC:23169]	-0.27137312	
SLC3A1	solute carrier family 3 member 1 [Source:HGNC Symbol;Acc:HGNC:11025]	-0.27247283	
FOS	Fos proto-oncogene, AP-1 transcription factor subunit [Source:HGNC Symbol;Acc:HGNC:3796]	-0.2729761	
SEC13	SEC13 homolog, nuclear pore and COPII coat complex component [Source:HGNC Symbol;Acc:HGNC:10697]	-0.27535537	
SFXN1	sideroflexin 1 [Source:HGNC Symbol;Acc:HGNC:16085]	-0.27547202	
RACK1	receptor for activated C kinase 1 [Source:HGNC Symbol;Acc:HGNC:4399]	-0.27556697	
RPL14	ribosomal protein L14 [Source:HGNC Symbol;Acc:HGNC:10305]	-0.27590027	
ACAA1	acetyl-CoA acyltransferase 1 [Source:HGNC Symbol;Acc:HGNC:82]	-0.27590796	
MT-CYB	mitochondrially encoded cytochrome b [Source:HGNC Symbol;Acc:HGNC:7427]	-0.27671683	
FH	fumarate hydratase [Source:HGNC Symbol;Acc:HGNC:3700]	-0.27722406	
BCAP31	B cell receptor associated protein 31 [Source:HGNC Symbol;Acc:HGNC:16695]	-0.27800515	
GK	glycerol kinase [Source:HGNC Symbol;Acc:HGNC:4289]	-0.27869827	
ATXN7L3B	ataxin 7 like 3B [Source:HGNC Symbol;Acc:HGNC:37931]	-0.27973214	
COTL1	coactosin like F-actin binding protein 1 [Source:HGNC Symbol;Acc:HGNC:18304]	-0.2797635	
REEP6	receptor accessory protein 6 [Source:HGNC Symbol;Acc:HGNC:30078]	-0.27976462	
DNASE1	deoxyribonuclease 1 [Source:HGNC Symbol;Acc:HGNC:2956]	-0.2798562	
VPS28	VPS28 subunit of ESCRT-I [Source:HGNC Symbol;Acc:HGNC:18178]	-0.27999482	
IFITM2	interferon induced transmembrane protein 2 [Source:HGNC Symbol;Acc:HGNC:5413]	-0.2807158	
TMEM37	transmembrane protein 37 [Source:HGNC Symbol;Acc:HGNC:18216]	-0.28130493	
SMIM6	small integral membrane protein 6 [Source:HGNC Symbol;Acc:HGNC:40032]	-0.28187248	
YIF1A	Yip1 interacting factor homolog A, membrane trafficking protein [Source:HGNC Symbol;Acc:HGNC:16688]	-0.28326726	
PDCD4	programmed cell death 4 [Source:HGNC Symbol;Acc:HGNC:8763]	-0.2837854	
MS4A8	membrane spanning 4-domains A8 [Source:HGNC Symbol;Acc:HGNC:13380]	-0.28389758	
HSD17B10	hydroxysteroid 17-beta dehydrogenase 10 [Source:HGNC Symbol;Acc:HGNC:4800]	-0.28419203	
ID3	inhibitor of DNA binding 3, HLH protein [Source:HGNC Symbol;Acc:HGNC:5362]	-0.28433284	
SDF2L1	stromal cell derived factor 2 like 1 [Source:HGNC Symbol;Acc:HGNC:10676]	-0.28454804	
BST1	bone marrow stromal cell antigen 1 [Source:HGNC Symbol;Acc:HGNC:1118]	-0.284817	
YIPF1	Yip1 domain family member 1 [Source:HGNC Symbol;Acc:HGNC:25231]	-0.28502247	
DDOST	dolichyl-diphosphooligosaccharide--protein glycosyltransferase non-catalytic subunit [Source:HGNC Symbol;Acc:HGNC:2728]	-0.28514883	
HLA-DMB	major histocompatibility complex, class II, DM beta [Source:HGNC Symbol;Acc:HGNC:4935]	-0.28547236	
NACA	nascent polypeptide associated complex subunit alpha [Source:HGNC Symbol;Acc:HGNC:7629]	-0.28548375	
TMED4	transmembrane p24 trafficking protein 4 [Source:HGNC Symbol;Acc:HGNC:22301]	-0.28560603	
PSMA5	proteasome 20S subunit alpha 5 [Source:HGNC Symbol;Acc:HGNC:9534]	-0.28608832	
PNP	purine nucleoside phosphorylase [Source:HGNC Symbol;Acc:HGNC:7892]	-0.28632048	
RPL4	ribosomal protein L4 [Source:HGNC Symbol;Acc:HGNC:10353]	-0.28652132	
EIF3K	eukaryotic translation initiation factor 3 subunit K [Source:HGNC Symbol;Acc:HGNC:24656]	-0.28652996	
PGRMC1	progesterone receptor membrane component 1 [Source:HGNC Symbol;Acc:HGNC:16090]	-0.28664795	
EIF3M	eukaryotic translation initiation factor 3 subunit M [Source:HGNC Symbol;Acc:HGNC:24460]	-0.2868253	
CDS1	CDP-diacylglycerol synthase 1 [Source:HGNC Symbol;Acc:HGNC:1800]	-0.28682753	
MUC13	mucin 13, cell surface associated [Source:HGNC Symbol;Acc:HGNC:7511]	-0.28770432	
DNPEP	aspartyl aminopeptidase [Source:HGNC Symbol;Acc:HGNC:2981]	-0.2890874	
FGFBP1	fibroblast growth factor binding protein 1 [Source:HGNC Symbol;Acc:HGNC:19695]	-0.28993964	
GPT	glutamic--pyruvic transaminase [Source:HGNC Symbol;Acc:HGNC:4552]	-0.29030704	
SERHL2	serine hydrolase like 2 [Source:HGNC Symbol;Acc:HGNC:29446]	-0.2903927	
RPL28	ribosomal protein L28 [Source:HGNC Symbol;Acc:HGNC:10330]	-0.29055735	
TGFBI	transforming growth factor beta induced [Source:HGNC Symbol;Acc:HGNC:11771]	-0.29067656	
HLA-E	major histocompatibility complex, class I, E [Source:HGNC Symbol;Acc:HGNC:4962]	-0.29209	
DDC	dopa decarboxylase [Source:HGNC Symbol;Acc:HGNC:2719]	-0.29240525	
NAPRT	nicotinate phosphoribosyltransferase [Source:HGNC Symbol;Acc:HGNC:30450]	-0.29269472	
XPNPEP2	X-prolyl aminopeptidase 2 [Source:HGNC Symbol;Acc:HGNC:12823]	-0.29356396	
TSPAN13	tetraspanin 13 [Source:HGNC Symbol;Acc:HGNC:21643]	-0.29395282	
TSTA3	tissue specific transplantation antigen P35B [Source:HGNC Symbol;Acc:HGNC:12390]	-0.29421648	
PPP1R14D	protein phosphatase 1 regulatory inhibitor subunit 14D [Source:HGNC Symbol;Acc:HGNC:14953]	-0.29506707	
IRF8	interferon regulatory factor 8 [Source:HGNC Symbol;Acc:HGNC:5358]	-0.29596648	
MRPL42	mitochondrial ribosomal protein L42 [Source:HGNC Symbol;Acc:HGNC:14493]	-0.2968766	
CYC1	cytochrome c1 [Source:HGNC Symbol;Acc:HGNC:2579]	-0.2972343	
NDUFA8	NADH:ubiquinone oxidoreductase subunit A8 [Source:HGNC Symbol;Acc:HGNC:7692]	-0.29761758	
EBP	EBP cholestenol delta-isomerase [Source:HGNC Symbol;Acc:HGNC:3133]	-0.29833025	
BTG2	BTG anti-proliferation factor 2 [Source:HGNC Symbol;Acc:HGNC:1131]	-0.29840666	
NDUFB5	NADH:ubiquinone oxidoreductase subunit B5 [Source:HGNC Symbol;Acc:HGNC:7700]	-0.2988442	
AAMDC	adipogenesis associated Mth938 domain containing [Source:HGNC Symbol;Acc:HGNC:30205]	-0.299657	
DHRS1	dehydrogenase/reductase 1 [Source:HGNC Symbol;Acc:HGNC:16445]	-0.29985753	
MGST2	microsomal glutathione S-transferase 2 [Source:HGNC Symbol;Acc:HGNC:7063]	-0.3004839	
COX4I1	cytochrome c oxidase subunit 4I1 [Source:HGNC Symbol;Acc:HGNC:2265]	-0.30063248	
ADH1B	alcohol dehydrogenase 1B (class I), beta polypeptide [Source:HGNC Symbol;Acc:HGNC:250]	-0.30166227	
RPS12	ribosomal protein S12 [Source:HGNC Symbol;Acc:HGNC:10385]	-0.3024116	
KDELR1	KDEL endoplasmic reticulum protein retention receptor 1 [Source:HGNC Symbol;Acc:HGNC:6304]	-0.30255508	
PRPSAP1	phosphoribosyl pyrophosphate synthetase associated protein 1 [Source:HGNC Symbol;Acc:HGNC:9466]	-0.30344486	
SLC7A9	solute carrier family 7 member 9 [Source:HGNC Symbol;Acc:HGNC:11067]	-0.30362278	
PRLR	prolactin receptor [Source:HGNC Symbol;Acc:HGNC:9446]	-0.30366698	
SLC3A2	solute carrier family 3 member 2 [Source:HGNC Symbol;Acc:HGNC:11026]	-0.30374095	
CHKA	choline kinase alpha [Source:HGNC Symbol;Acc:HGNC:1937]	-0.30414283	
CHCHD7	coiled-coil-helix-coiled-coil-helix domain containing 7 [Source:HGNC Symbol;Acc:HGNC:28314]	-0.30416185	
SEC11A	SEC11 homolog A, signal peptidase complex subunit [Source:HGNC Symbol;Acc:HGNC:17718]	-0.30584264	
TMEM176A	transmembrane protein 176A [Source:HGNC Symbol;Acc:HGNC:24930]	-0.30584636	
SEC11C	SEC11 homolog C, signal peptidase complex subunit [Source:HGNC Symbol;Acc:HGNC:23400]	-0.30610198	
FTH1	ferritin heavy chain 1 [Source:HGNC Symbol;Acc:HGNC:3976]	-0.3063567	
PSMA2	proteasome 20S subunit alpha 2 [Source:HGNC Symbol;Acc:HGNC:9531]	-0.30641702	
NDUFS3	NADH:ubiquinone oxidoreductase core subunit S3 [Source:HGNC Symbol;Acc:HGNC:7710]	-0.30676875	
SLC26A2	solute carrier family 26 member 2 [Source:HGNC Symbol;Acc:HGNC:10994]	-0.30740243	
BAG1	BAG cochaperone 1 [Source:HGNC Symbol;Acc:HGNC:937]	-0.3077772	
DGCR6L	DiGeorge syndrome critical region gene 6 like [Source:HGNC Symbol;Acc:HGNC:18551]	-0.30826706	
CTSZ	cathepsin Z [Source:HGNC Symbol;Acc:HGNC:2547]	-0.31020132	
OSTC	oligosaccharyltransferase complex non-catalytic subunit [Source:HGNC Symbol;Acc:HGNC:24448]	-0.3107898	
SLC35B1	solute carrier family 35 member B1 [Source:HGNC Symbol;Acc:HGNC:20798]	-0.31182963	
TMED3	transmembrane p24 trafficking protein 3 [Source:HGNC Symbol;Acc:HGNC:28889]	-0.3118408	
HLA-DMA	major histocompatibility complex, class II, DM alpha [Source:HGNC Symbol;Acc:HGNC:4934]	-0.3123411	
CASP6	caspase 6 [Source:HGNC Symbol;Acc:HGNC:1507]	-0.3128769	
PHB2	prohibitin 2 [Source:HGNC Symbol;Acc:HGNC:30306]	-0.31291848	
VNN1	vanin 1 [Source:HGNC Symbol;Acc:HGNC:12705]	-0.31386647	
SLC7A7	solute carrier family 7 member 7 [Source:HGNC Symbol;Acc:HGNC:11065]	-0.31392354	
AK2	adenylate kinase 2 [Source:HGNC Symbol;Acc:HGNC:362]	-0.3141055	
ECI1	enoyl-CoA delta isomerase 1 [Source:HGNC Symbol;Acc:HGNC:2703]	-0.3154729	
IER2	immediate early response 2 [Source:HGNC Symbol;Acc:HGNC:28871]	-0.315621	
SLC26A3	solute carrier family 26 member 3 [Source:HGNC Symbol;Acc:HGNC:3018]	-0.31571314	
CRYL1	crystallin lambda 1 [Source:HGNC Symbol;Acc:HGNC:18246]	-0.31618723	
RPL15	ribosomal protein L15 [Source:HGNC Symbol;Acc:HGNC:10306]	-0.31731448	
AQP1	aquaporin 1 (Colton blood group) [Source:HGNC Symbol;Acc:HGNC:633]	-0.31928217	
ATP5PD	ATP synthase peripheral stalk subunit d [Source:HGNC Symbol;Acc:HGNC:845]	-0.31997904	
EEF1B2	eukaryotic translation elongation factor 1 beta 2 [Source:HGNC Symbol;Acc:HGNC:3208]	-0.32006916	
EPHX2	epoxide hydrolase 2 [Source:HGNC Symbol;Acc:HGNC:3402]	-0.32046193	
IL18	interleukin 18 [Source:HGNC Symbol;Acc:HGNC:5986]	-0.3207383	
PDZK1	PDZ domain containing 1 [Source:HGNC Symbol;Acc:HGNC:8821]	-0.3211479	
MPC2	mitochondrial pyruvate carrier 2 [Source:HGNC Symbol;Acc:HGNC:24515]	-0.32197174	
DHRS4	dehydrogenase/reductase 4 [Source:HGNC Symbol;Acc:HGNC:16985]	-0.32247114	
PHYH	phytanoyl-CoA 2-hydroxylase [Source:HGNC Symbol;Acc:HGNC:8940]	-0.32258624	
MRFAP1	Morf4 family associated protein 1 [Source:HGNC Symbol;Acc:HGNC:24549]	-0.32310554	
XPNPEP1	X-prolyl aminopeptidase 1 [Source:HGNC Symbol;Acc:HGNC:12822]	-0.32322028	
PSMB1	proteasome 20S subunit beta 1 [Source:HGNC Symbol;Acc:HGNC:9537]	-0.32506615	
ASAH2B	N-acylsphingosine amidohydrolase 2B [Source:HGNC Symbol;Acc:HGNC:23456]	-0.32728264	
CMBL	carboxymethylenebutenolidase homolog [Source:HGNC Symbol;Acc:HGNC:25090]	-0.32742995	
CREB3L3	cAMP responsive element binding protein 3 like 3 [Source:HGNC Symbol;Acc:HGNC:18855]	-0.32772806	
CKMT1A	creatine kinase, mitochondrial 1A [Source:HGNC Symbol;Acc:HGNC:31736]	-0.32795885	
PDIA3	protein disulfide isomerase family A member 3 [Source:HGNC Symbol;Acc:HGNC:4606]	-0.3280725	
ARL4A	ADP ribosylation factor like GTPase 4A [Source:HGNC Symbol;Acc:HGNC:695]	-0.3304521	
AGPAT2	1-acylglycerol-3-phosphate O-acyltransferase 2 [Source:HGNC Symbol;Acc:HGNC:325]	-0.33057165	
RPL17-C18orf32	RPL17-C18orf32 readthrough [Source:HGNC Symbol;Acc:HGNC:44661]	-0.33091715	
C3orf85	chromosome 3 open reading frame 85 [Source:HGNC Symbol;Acc:HGNC:53432]	-0.33185706	
C9orf64	chromosome 9 open reading frame 64 [Source:HGNC Symbol;Acc:HGNC:28144]	-0.33379057	
ALDH1A1	aldehyde dehydrogenase 1 family member A1 [Source:HGNC Symbol;Acc:HGNC:402]	-0.33406004	
SLC2A2	solute carrier family 2 member 2 [Source:HGNC Symbol;Acc:HGNC:11006]	-0.33438638	
UQCRFS1	ubiquinol-cytochrome c reductase, Rieske iron-sulfur polypeptide 1 [Source:HGNC Symbol;Acc:HGNC:12587]	-0.33510825	
CYP2J2	cytochrome P450 family 2 subfamily J member 2 [Source:HGNC Symbol;Acc:HGNC:2634]	-0.3361717	
STMN1	stathmin 1 [Source:HGNC Symbol;Acc:HGNC:6510]	-0.3385062	
SLC6A8	solute carrier family 6 member 8 [Source:HGNC Symbol;Acc:HGNC:11055]	-0.339164	
NDUFV1	NADH:ubiquinone oxidoreductase core subunit V1 [Source:HGNC Symbol;Acc:HGNC:7716]	-0.34268928	
FOSB	FosB proto-oncogene, AP-1 transcription factor subunit [Source:HGNC Symbol;Acc:HGNC:3797]	-0.34593603	
HLA-B	major histocompatibility complex, class I, B [Source:HGNC Symbol;Acc:HGNC:4932]	-0.34834132	
EIF3F	eukaryotic translation initiation factor 3 subunit F [Source:HGNC Symbol;Acc:HGNC:3275]	-0.34900573	
PEPD	peptidase D [Source:HGNC Symbol;Acc:HGNC:8840]	-0.34910464	
SLC39A5	solute carrier family 39 member 5 [Source:HGNC Symbol;Acc:HGNC:20502]	-0.34925893	
GLUD1	glutamate dehydrogenase 1 [Source:HGNC Symbol;Acc:HGNC:4335]	-0.35055935	
FKBP2	FKBP prolyl isomerase 2 [Source:HGNC Symbol;Acc:HGNC:3718]	-0.35114083	
CDHR2	cadherin related family member 2 [Source:HGNC Symbol;Acc:HGNC:18231]	-0.35365167	
PRDX2	peroxiredoxin 2 [Source:HGNC Symbol;Acc:HGNC:9353]	-0.35444787	
CLIC5	chloride intracellular channel 5 [Source:HGNC Symbol;Acc:HGNC:13517]	-0.35515177	
B4GALNT1	beta-1,4-N-acetyl-galactosaminyltransferase 1 [Source:HGNC Symbol;Acc:HGNC:4117]	-0.3555059	
MOCS2	molybdenum cofactor synthesis 2 [Source:HGNC Symbol;Acc:HGNC:7193]	-0.35656226	
SLC27A4	solute carrier family 27 member 4 [Source:HGNC Symbol;Acc:HGNC:10998]	-0.3570186	
TCN2	transcobalamin 2 [Source:HGNC Symbol;Acc:HGNC:11653]	-0.35722327	
TXNDC17	thioredoxin domain containing 17 [Source:HGNC Symbol;Acc:HGNC:28218]	-0.3578766	
ABCG2	ATP binding cassette subfamily G member 2 (Junior blood group) [Source:HGNC Symbol;Acc:HGNC:74]	-0.35801977	
ATP5F1B	ATP synthase F1 subunit beta [Source:HGNC Symbol;Acc:HGNC:830]	-0.35838974	
TM6SF2	transmembrane 6 superfamily member 2 [Source:HGNC Symbol;Acc:HGNC:11861]	-0.35895193	
MYO1A	myosin IA [Source:HGNC Symbol;Acc:HGNC:7595]	-0.3592241	
GSDMC	gasdermin C [Source:HGNC Symbol;Acc:HGNC:7151]	-0.35945225	
LPCAT3	lysophosphatidylcholine acyltransferase 3 [Source:HGNC Symbol;Acc:HGNC:30244]	-0.3603392	
PRXL2B	peroxiredoxin like 2B [Source:HGNC Symbol;Acc:HGNC:28390]	-0.36417365	
S100G	S100 calcium binding protein G [Source:HGNC Symbol;Acc:HGNC:1436]	-0.3645989	
RPL10	ribosomal protein L10 [Source:HGNC Symbol;Acc:HGNC:10298]	-0.36531428	
PSMB2	proteasome 20S subunit beta 2 [Source:HGNC Symbol;Acc:HGNC:9539]	-0.36536866	
CYP2D6	cytochrome P450 family 2 subfamily D member 6 [Source:HGNC Symbol;Acc:HGNC:2625]	-0.3658197	
IQGAP2	IQ motif containing GTPase activating protein 2 [Source:HGNC Symbol;Acc:HGNC:6111]	-0.36602804	
SLC10A2	solute carrier family 10 member 2 [Source:HGNC Symbol;Acc:HGNC:10906]	-0.3662584	
NDUFA12	NADH:ubiquinone oxidoreductase subunit A12 [Source:HGNC Symbol;Acc:HGNC:23987]	-0.366452	
MTCO2P12	MT-CO2 pseudogene 12 [Source:HGNC Symbol;Acc:HGNC:52028]	-0.36692554	
RPS3A	ribosomal protein S3A [Source:HGNC Symbol;Acc:HGNC:10421]	-0.3703987	
ACAA2	acetyl-CoA acyltransferase 2 [Source:HGNC Symbol;Acc:HGNC:83]	-0.37108758	
RPLP0	ribosomal protein lateral stalk subunit P0 [Source:HGNC Symbol;Acc:HGNC:10371]	-0.3714242	
TFG	trafficking from ER to golgi regulator [Source:HGNC Symbol;Acc:HGNC:11758]	-0.37147543	
NLRP6	NLR family pyrin domain containing 6 [Source:HGNC Symbol;Acc:HGNC:22944]	-0.37228853	
PSMA3	proteasome 20S subunit alpha 3 [Source:HGNC Symbol;Acc:HGNC:9532]	-0.37294734	
UQCRC1	ubiquinol-cytochrome c reductase core protein 1 [Source:HGNC Symbol;Acc:HGNC:12585]	-0.37365067	
DHRS11	dehydrogenase/reductase 11 [Source:HGNC Symbol;Acc:HGNC:28639]	-0.37373427	
TPT1	tumor protein, translationally-controlled 1 [Source:HGNC Symbol;Acc:HGNC:12022]	-0.37396643	
NUPR1	nuclear protein 1, transcriptional regulator [Source:HGNC Symbol;Acc:HGNC:29990]	-0.37480634	
TMEM176B	transmembrane protein 176B [Source:HGNC Symbol;Acc:HGNC:29596]	-0.37580377	
EIF3H	eukaryotic translation initiation factor 3 subunit H [Source:HGNC Symbol;Acc:HGNC:3273]	-0.37596956	
SECTM1	secreted and transmembrane 1 [Source:HGNC Symbol;Acc:HGNC:10707]	-0.3765895	
CLDN3	claudin 3 [Source:HGNC Symbol;Acc:HGNC:2045]	-0.37662452	
RNASE1	ribonuclease A family member 1, pancreatic [Source:HGNC Symbol;Acc:HGNC:10044]	-0.37663478	
TMEM45B	transmembrane protein 45B [Source:HGNC Symbol;Acc:HGNC:25194]	-0.37694818	
HAGH	hydroxyacylglutathione hydrolase [Source:HGNC Symbol;Acc:HGNC:4805]	-0.37885192	
COX7A1	cytochrome c oxidase subunit 7A1 [Source:HGNC Symbol;Acc:HGNC:2287]	-0.37922654	
SPCS2	signal peptidase complex subunit 2 [Source:HGNC Symbol;Acc:HGNC:28962]	-0.37944818	
LCT	lactase [Source:HGNC Symbol;Acc:HGNC:6530]	-0.3794757	
HLA-A	major histocompatibility complex, class I, A [Source:HGNC Symbol;Acc:HGNC:4931]	-0.38016665	
CNPY2	canopy FGF signaling regulator 2 [Source:HGNC Symbol;Acc:HGNC:13529]	-0.38485926	
CENPV	centromere protein V [Source:HGNC Symbol;Acc:HGNC:29920]	-0.3851584	
PSMA4	proteasome 20S subunit alpha 4 [Source:HGNC Symbol;Acc:HGNC:9533]	-0.3874158	
PSMB9	proteasome 20S subunit beta 9 [Source:HGNC Symbol;Acc:HGNC:9546]	-0.38854203	
FMO5	flavin containing dimethylaniline monoxygenase 5 [Source:HGNC Symbol;Acc:HGNC:3773]	-0.39142868	
SLC25A3	solute carrier family 25 member 3 [Source:HGNC Symbol;Acc:HGNC:10989]	-0.392994	
MPP1	membrane palmitoylated protein 1 [Source:HGNC Symbol;Acc:HGNC:7219]	-0.39315796	
RPL12	ribosomal protein L12 [Source:HGNC Symbol;Acc:HGNC:10302]	-0.39378643	
TLE5	TLE family member 5, transcriptional modulator [Source:HGNC Symbol;Acc:HGNC:307]	-0.39402223	
IFT20	intraflagellar transport 20 [Source:HGNC Symbol;Acc:HGNC:30989]	-0.39519712	
OCIAD2	OCIA domain containing 2 [Source:HGNC Symbol;Acc:HGNC:28685]	-0.39791152	
KLF4	Kruppel like factor 4 [Source:HGNC Symbol;Acc:HGNC:6348]	-0.4015501	
MEP1A	meprin A subunit alpha [Source:HGNC Symbol;Acc:HGNC:7015]	-0.4074611	
PPA1	inorganic pyrophosphatase 1 [Source:HGNC Symbol;Acc:HGNC:9226]	-0.40858176	
RPS3	ribosomal protein S3 [Source:HGNC Symbol;Acc:HGNC:10420]	-0.40862247	
RFK	riboflavin kinase [Source:HGNC Symbol;Acc:HGNC:30324]	-0.40883148	
COPE	COPI coat complex subunit epsilon [Source:HGNC Symbol;Acc:HGNC:2234]	-0.40976554	
CYP3A4	cytochrome P450 family 3 subfamily A member 4 [Source:HGNC Symbol;Acc:HGNC:2637]	-0.41044033	
TMBIM6	transmembrane BAX inhibitor motif containing 6 [Source:HGNC Symbol;Acc:HGNC:11723]	-0.41083577	
LEAP2	liver enriched antimicrobial peptide 2 [Source:HGNC Symbol;Acc:HGNC:29571]	-0.41148034	
CALR	calreticulin [Source:HGNC Symbol;Acc:HGNC:1455]	-0.41442013	
ASPA	aspartoacylase [Source:HGNC Symbol;Acc:HGNC:756]	-0.4144269	
ALDH9A1	aldehyde dehydrogenase 9 family member A1 [Source:HGNC Symbol;Acc:HGNC:412]	-0.42059746	
SAR1B	secretion associated Ras related GTPase 1B [Source:HGNC Symbol;Acc:HGNC:10535]	-0.42181012	
ATP5PB	ATP synthase peripheral stalk-membrane subunit b [Source:HGNC Symbol;Acc:HGNC:840]	-0.4231981	
PLGRKT	plasminogen receptor with a C-terminal lysine [Source:HGNC Symbol;Acc:HGNC:23633]	-0.42362168	
CASP1	caspase 1 [Source:HGNC Symbol;Acc:HGNC:1499]	-0.42442104	
VDR	vitamin D receptor [Source:HGNC Symbol;Acc:HGNC:12679]	-0.4275471	
TXNDC5	thioredoxin domain containing 5 [Source:HGNC Symbol;Acc:HGNC:21073]	-0.4295452	
NDUFB10	NADH:ubiquinone oxidoreductase subunit B10 [Source:HGNC Symbol;Acc:HGNC:7696]	-0.4314168	
MANF	mesencephalic astrocyte derived neurotrophic factor [Source:HGNC Symbol;Acc:HGNC:15461]	-0.43193233	
SLC13A2	solute carrier family 13 member 2 [Source:HGNC Symbol;Acc:HGNC:10917]	-0.43418562	
CHCHD10	coiled-coil-helix-coiled-coil-helix domain containing 10 [Source:HGNC Symbol;Acc:HGNC:15559]	-0.4350409	
ADA	adenosine deaminase [Source:HGNC Symbol;Acc:HGNC:186]	-0.441503	
CYP4V2	cytochrome P450 family 4 subfamily V member 2 [Source:HGNC Symbol;Acc:HGNC:23198]	-0.44338644	
TSPAN3	tetraspanin 3 [Source:HGNC Symbol;Acc:HGNC:17752]	-0.4436525	
SLC26A6	solute carrier family 26 member 6 [Source:HGNC Symbol;Acc:HGNC:14472]	-0.4451035	
MAPK13	mitogen-activated protein kinase 13 [Source:HGNC Symbol;Acc:HGNC:6875]	-0.44658464	
ITM2B	integral membrane protein 2B [Source:HGNC Symbol;Acc:HGNC:6174]	-0.44761068	
H3-3A	H3.3 histone A [Source:HGNC Symbol;Acc:HGNC:4764]	-0.45162556	
UQCRC2	ubiquinol-cytochrome c reductase core protein 2 [Source:HGNC Symbol;Acc:HGNC:12586]	-0.45327935	
RNASE4	ribonuclease A family member 4 [Source:HGNC Symbol;Acc:HGNC:10047]	-0.4556513	
FBP2	fructose-bisphosphatase 2 [Source:HGNC Symbol;Acc:HGNC:3607]	-0.4557167	
EIF3E	eukaryotic translation initiation factor 3 subunit E [Source:HGNC Symbol;Acc:HGNC:3277]	-0.45626438	
PSME1	proteasome activator subunit 1 [Source:HGNC Symbol;Acc:HGNC:9568]	-0.45781654	
EEF1A1	eukaryotic translation elongation factor 1 alpha 1 [Source:HGNC Symbol;Acc:HGNC:3189]	-0.45823422	
HPGD	15-hydroxyprostaglandin dehydrogenase [Source:HGNC Symbol;Acc:HGNC:5154]	-0.45989624	
SULT2B1	sulfotransferase family 2B member 1 [Source:HGNC Symbol;Acc:HGNC:11459]	-0.46448025	
MOGAT2	monoacylglycerol O-acyltransferase 2 [Source:HGNC Symbol;Acc:HGNC:23248]	-0.46740174	
VIL1	villin 1 [Source:HGNC Symbol;Acc:HGNC:12690]	-0.46875212	
CA4	carbonic anhydrase 4 [Source:HGNC Symbol;Acc:HGNC:1375]	-0.46948868	
CDA	cytidine deaminase [Source:HGNC Symbol;Acc:HGNC:1712]	-0.47056872	
IFITM3	interferon induced transmembrane protein 3 [Source:HGNC Symbol;Acc:HGNC:5414]	-0.47284606	
UQCRB	ubiquinol-cytochrome c reductase binding protein [Source:HGNC Symbol;Acc:HGNC:12582]	-0.4733825	
UPP1	uridine phosphorylase 1 [Source:HGNC Symbol;Acc:HGNC:12576]	-0.47486523	
JUN	Jun proto-oncogene, AP-1 transcription factor subunit [Source:HGNC Symbol;Acc:HGNC:6204]	-0.4761761	
MME	membrane metalloendopeptidase [Source:HGNC Symbol;Acc:HGNC:7154]	-0.476888	
MT-CO3	mitochondrially encoded cytochrome c oxidase III [Source:HGNC Symbol;Acc:HGNC:7422]	-0.4769696	
GDPD1	glycerophosphodiester phosphodiesterase domain containing 1 [Source:HGNC Symbol;Acc:HGNC:20883]	-0.47949633	
PPIB	peptidylprolyl isomerase B [Source:HGNC Symbol;Acc:HGNC:9255]	-0.48105752	
PSMB10	proteasome 20S subunit beta 10 [Source:HGNC Symbol;Acc:HGNC:9538]	-0.48365036	
TMEM59	transmembrane protein 59 [Source:HGNC Symbol;Acc:HGNC:1239]	-0.48665062	
SUCLG1	succinate-CoA ligase GDP/ADP-forming subunit alpha [Source:HGNC Symbol;Acc:HGNC:11449]	-0.4878203	
NDUFV2	NADH:ubiquinone oxidoreductase core subunit V2 [Source:HGNC Symbol;Acc:HGNC:7717]	-0.48823535	
EPB41L3	erythrocyte membrane protein band 4.1 like 3 [Source:HGNC Symbol;Acc:HGNC:3380]	-0.48985785	
CHPT1	choline phosphotransferase 1 [Source:HGNC Symbol;Acc:HGNC:17852]	-0.49046975	
MTCH2	mitochondrial carrier 2 [Source:HGNC Symbol;Acc:HGNC:17587]	-0.494369	
FAHD1	fumarylacetoacetate hydrolase domain containing 1 [Source:HGNC Symbol;Acc:HGNC:14169]	-0.4967292	
ACSL5	acyl-CoA synthetase long chain family member 5 [Source:HGNC Symbol;Acc:HGNC:16526]	-0.499608	
DGAT1	diacylglycerol O-acyltransferase 1 [Source:HGNC Symbol;Acc:HGNC:2843]	-0.5035091	
ESPN	espin [Source:HGNC Symbol;Acc:HGNC:13281]	-0.50480455	
PLS1	plastin 1 [Source:HGNC Symbol;Acc:HGNC:9090]	-0.50869447	
NPC1L1	NPC1 like intracellular cholesterol transporter 1 [Source:HGNC Symbol;Acc:HGNC:7898]	-0.51043624	
SCIN	scinderin [Source:HGNC Symbol;Acc:HGNC:21695]	-0.5112093	
LGALS4	galectin 4 [Source:HGNC Symbol;Acc:HGNC:6565]	-0.5117342	
AMN	amnion associated transmembrane protein [Source:HGNC Symbol;Acc:HGNC:14604]	-0.51346165	
GLRX	glutaredoxin [Source:HGNC Symbol;Acc:HGNC:4330]	-0.5145806	
SSR4	signal sequence receptor subunit 4 [Source:HGNC Symbol;Acc:HGNC:11326]	-0.5193508	
SSR2	signal sequence receptor subunit 2 [Source:HGNC Symbol;Acc:HGNC:11324]	-0.51955396	
CGREF1	cell growth regulator with EF-hand domain 1 [Source:HGNC Symbol;Acc:HGNC:16962]	-0.52181	
ACE	angiotensin I converting enzyme [Source:HGNC Symbol;Acc:HGNC:2707]	-0.52196723	
KLK1	kallikrein 1 [Source:HGNC Symbol;Acc:HGNC:6357]	-0.52215046	
RPS4X	ribosomal protein S4 X-linked [Source:HGNC Symbol;Acc:HGNC:10424]	-0.52313477	
SLC15A1	solute carrier family 15 member 1 [Source:HGNC Symbol;Acc:HGNC:10920]	-0.52367365	
MS4A10	membrane spanning 4-domains A10 [Source:HGNC Symbol;Acc:HGNC:13368]	-0.5316317	
SDHB	succinate dehydrogenase complex iron sulfur subunit B [Source:HGNC Symbol;Acc:HGNC:10681]	-0.5362526	
H2AZ2	H2A.Z variant histone 2 [Source:HGNC Symbol;Acc:HGNC:20664]	-0.53695667	
SLC43A2	solute carrier family 43 member 2 [Source:HGNC Symbol;Acc:HGNC:23087]	-0.54456675	
ME2	malic enzyme 2 [Source:HGNC Symbol;Acc:HGNC:6984]	-0.5463005	
MT-ND3	mitochondrially encoded NADH:ubiquinone oxidoreductase core subunit 3 [Source:HGNC Symbol;Acc:HGNC:7458]	-0.5488977	
RPL3	ribosomal protein L3 [Source:HGNC Symbol;Acc:HGNC:10332]	-0.5499692	
CLDN15	claudin 15 [Source:HGNC Symbol;Acc:HGNC:2036]	-0.55233496	
ECH1	enoyl-CoA hydratase 1 [Source:HGNC Symbol;Acc:HGNC:3149]	-0.55911434	
CALM1	calmodulin 1 [Source:HGNC Symbol;Acc:HGNC:1442]	-0.55975646	
MAF	MAF bZIP transcription factor [Source:HGNC Symbol;Acc:HGNC:6776]	-0.5618995	
CPS1	carbamoyl-phosphate synthase 1 [Source:HGNC Symbol;Acc:HGNC:2323]	-0.5640668	
HEPACAM2	HEPACAM family member 2 [Source:HGNC Symbol;Acc:HGNC:27364]	-0.5648849	
SLC25A5	solute carrier family 25 member 5 [Source:HGNC Symbol;Acc:HGNC:10991]	-0.577826	
RBP2	retinol binding protein 2 [Source:HGNC Symbol;Acc:HGNC:9920]	-0.5851491	
SULT1D1P	sulfotransferase family 1D member 1, pseudogene [Source:HGNC Symbol;Acc:HGNC:30659]	-0.58605963	
MDH2	malate dehydrogenase 2 [Source:HGNC Symbol;Acc:HGNC:6971]	-0.5867175	
AOC1	amine oxidase copper containing 1 [Source:HGNC Symbol;Acc:HGNC:80]	-0.5891218	
PSME2	proteasome activator subunit 2 [Source:HGNC Symbol;Acc:HGNC:9569]	-0.5921852	
OTC	ornithine carbamoyltransferase [Source:HGNC Symbol;Acc:HGNC:8512]	-0.5922813	
GLOD5	glyoxalase domain containing 5 [Source:HGNC Symbol;Acc:HGNC:33358]	-0.5929346	
CRIP1	cysteine rich protein 1 [Source:HGNC Symbol;Acc:HGNC:2360]	-0.59510124	
CST6	cystatin E/M [Source:HGNC Symbol;Acc:HGNC:2478]	-0.6007741	
CYB5A	cytochrome b5 type A [Source:HGNC Symbol;Acc:HGNC:2570]	-0.60529524	
APOB	apolipoprotein B [Source:HGNC Symbol;Acc:HGNC:603]	-0.620027	
MGAM	maltase-glucoamylase [Source:HGNC Symbol;Acc:HGNC:7043]	-0.62585723	
CALML4	calmodulin like 4 [Source:HGNC Symbol;Acc:HGNC:18445]	-0.6345527	
HLA-DRB1	major histocompatibility complex, class II, DR beta 1 [Source:HGNC Symbol;Acc:HGNC:4948]	-0.6428013	
SLC9A3R1	SLC9A3 regulator 1 [Source:HGNC Symbol;Acc:HGNC:11075]	-0.6455308	
GNA11	G protein subunit alpha 11 [Source:HGNC Symbol;Acc:HGNC:4379]	-0.6494601	
CES2	carboxylesterase 2 [Source:HGNC Symbol;Acc:HGNC:1864]	-0.6505717	
HADH	hydroxyacyl-CoA dehydrogenase [Source:HGNC Symbol;Acc:HGNC:4799]	-0.65407765	
ATP1A1	ATPase Na+/K+ transporting subunit alpha 1 [Source:HGNC Symbol;Acc:HGNC:799]	-0.6605367	
APOA4	apolipoprotein A4 [Source:HGNC Symbol;Acc:HGNC:602]	-0.66824627	
PSMB8	proteasome 20S subunit beta 8 [Source:HGNC Symbol;Acc:HGNC:9545]	-0.6697738	
MAOA	monoamine oxidase A [Source:HGNC Symbol;Acc:HGNC:6833]	-0.6726738	
ATP5F1C	ATP synthase F1 subunit gamma [Source:HGNC Symbol;Acc:HGNC:833]	-0.67849654	
MT-ATP6	mitochondrially encoded ATP synthase membrane subunit 6 [Source:HGNC Symbol;Acc:HGNC:7414]	-0.68122375	
KHK	ketohexokinase [Source:HGNC Symbol;Acc:HGNC:6315]	-0.6838282	
GGT1	gamma-glutamyltransferase 1 [Source:HGNC Symbol;Acc:HGNC:4250]	-0.68403286	
DPEP1	dipeptidase 1 [Source:HGNC Symbol;Acc:HGNC:3002]	-0.68572354	
GDA	guanine deaminase [Source:HGNC Symbol;Acc:HGNC:4212]	-0.6896996	
UBB	ubiquitin B [Source:HGNC Symbol;Acc:HGNC:12463]	-0.70419216	
TM4SF5	transmembrane 4 L six family member 5 [Source:HGNC Symbol;Acc:HGNC:11857]	-0.71767694	
B2M	beta-2-microglobulin [Source:HGNC Symbol;Acc:HGNC:914]	-0.7185905	
LAP3	leucine aminopeptidase 3 [Source:HGNC Symbol;Acc:HGNC:18449]	-0.7187231	
ARG2	arginase 2 [Source:HGNC Symbol;Acc:HGNC:664]	-0.7256157	
SULT1B1	sulfotransferase family 1B member 1 [Source:HGNC Symbol;Acc:HGNC:17845]	-0.72952914	
MEP1B	meprin A subunit beta [Source:HGNC Symbol;Acc:HGNC:7020]	-0.73886526	
IFI27L2	interferon alpha inducible protein 27 like 2 [Source:HGNC Symbol;Acc:HGNC:19753]	-0.74399716	
MGST1	microsomal glutathione S-transferase 1 [Source:HGNC Symbol;Acc:HGNC:7061]	-0.74827814	
DPP4	dipeptidyl peptidase 4 [Source:HGNC Symbol;Acc:HGNC:3009]	-0.75458235	
SLC6A19	solute carrier family 6 member 19 [Source:HGNC Symbol;Acc:HGNC:27960]	-0.76234096	
NAALADL1	N-acetylated alpha-linked acidic dipeptidase like 1 [Source:HGNC Symbol;Acc:HGNC:23536]	-0.77489454	
HLA-DQA1	major histocompatibility complex, class II, DQ alpha 1 [Source:HGNC Symbol;Acc:HGNC:4942]	-0.7835927	
SCP2	sterol carrier protein 2 [Source:HGNC Symbol;Acc:HGNC:10606]	-0.79791975	
CNDP2	carnosine dipeptidase 2 [Source:HGNC Symbol;Acc:HGNC:24437]	-0.8057729	
ST3GAL4	ST3 beta-galactoside alpha-2,3-sialyltransferase 4 [Source:HGNC Symbol;Acc:HGNC:10864]	-0.8100631	
CCL23	C-C motif chemokine ligand 23 [Source:HGNC Symbol;Acc:HGNC:10622]	-0.8144343	
SLC51B	solute carrier family 51 subunit beta [Source:HGNC Symbol;Acc:HGNC:29956]	-0.82698816	
MDH1	malate dehydrogenase 1 [Source:HGNC Symbol;Acc:HGNC:6970]	-0.83598995	
MTTP	microsomal triglyceride transfer protein [Source:HGNC Symbol;Acc:HGNC:7467]	-0.84162337	
ALDH1B1	aldehyde dehydrogenase 1 family member B1 [Source:HGNC Symbol;Acc:HGNC:407]	-0.84441996	
TMIGD1	transmembrane and immunoglobulin domain containing 1 [Source:HGNC Symbol;Acc:HGNC:32431]	-0.85510486	
RPL21	ribosomal protein L21 [Source:HGNC Symbol;Acc:HGNC:10313]	-0.85923797	
ALDOB	aldolase, fructose-bisphosphate B [Source:HGNC Symbol;Acc:HGNC:417]	-0.8687404	
PYCARD	PYD and CARD domain containing [Source:HGNC Symbol;Acc:HGNC:16608]	-0.87996566	
CYP4F2	cytochrome P450 family 4 subfamily F member 2 [Source:HGNC Symbol;Acc:HGNC:2645]	-0.8854304	
CHGA	chromogranin A [Source:HGNC Symbol;Acc:HGNC:1929]	-0.89850587	
HLA-DQB2	major histocompatibility complex, class II, DQ beta 2 [Source:HGNC Symbol;Acc:HGNC:4945]	-0.90959424	
CLEC2D	C-type lectin domain family 2 member D [Source:HGNC Symbol;Acc:HGNC:14351]	-0.90995204	
CCL25	C-C motif chemokine ligand 25 [Source:HGNC Symbol;Acc:HGNC:10624]	-0.93630373	
ENPEP	glutamyl aminopeptidase [Source:HGNC Symbol;Acc:HGNC:3355]	-0.95506054	
MMP7	matrix metallopeptidase 7 [Source:HGNC Symbol;Acc:HGNC:7174]	-0.9734051	
LGALS2	galectin 2 [Source:HGNC Symbol;Acc:HGNC:6562]	-0.98358375	
OLFM4	olfactomedin 4 [Source:HGNC Symbol;Acc:HGNC:17190]	-0.9852829	
MT-ND2	mitochondrially encoded NADH:ubiquinone oxidoreductase core subunit 2 [Source:HGNC Symbol;Acc:HGNC:7456]	-0.98858047	
OAT	ornithine aminotransferase [Source:HGNC Symbol;Acc:HGNC:8091]	-0.9974222	
PIGR	polymeric immunoglobulin receptor [Source:HGNC Symbol;Acc:HGNC:8968]	-1.018261	
SLC5A1	solute carrier family 5 member 1 [Source:HGNC Symbol;Acc:HGNC:11036]	-1.0253811	
SELENOM	selenoprotein M [Source:HGNC Symbol;Acc:HGNC:30397]	-1.0254511	
ACE2	angiotensin I converting enzyme 2 [Source:HGNC Symbol;Acc:HGNC:13557]	-1.0326405	
SLC51A	solute carrier family 51 subunit alpha [Source:HGNC Symbol;Acc:HGNC:29955]	-1.0736641	
FABP1	fatty acid binding protein 1 [Source:HGNC Symbol;Acc:HGNC:3555]	-1.1126316	
CLPS	colipase [Source:HGNC Symbol;Acc:HGNC:2085]	-1.1424282	
SMIM24	small integral membrane protein 24 [Source:HGNC Symbol;Acc:HGNC:37244]	-1.1469437	
GUCA2A	guanylate cyclase activator 2A [Source:HGNC Symbol;Acc:HGNC:4682]	-1.1637458	
REG3A	regenerating family member 3 alpha [Source:HGNC Symbol;Acc:HGNC:8601]	-1.2415774	
APOA1	apolipoprotein A1 [Source:HGNC Symbol;Acc:HGNC:600]	-1.27708	
APOC3	apolipoprotein C3 [Source:HGNC Symbol;Acc:HGNC:610]	-1.3159448	
REG3G	regenerating family member 3 gamma [Source:HGNC Symbol;Acc:HGNC:29595]	-1.3249769	
SPINK1	serine peptidase inhibitor Kazal type 1 [Source:HGNC Symbol;Acc:HGNC:11244]	-1.3470998	
GUCA2B	guanylate cyclase activator 2B [Source:HGNC Symbol;Acc:HGNC:4683]	-1.361244	
SI	sucrase-isomaltase [Source:HGNC Symbol;Acc:HGNC:10856]	-1.422581	
SCT	secretin [Source:HGNC Symbol;Acc:HGNC:10607]	-1.4681913	
SELENOP	selenoprotein P [Source:HGNC Symbol;Acc:HGNC:10751]	-1.5462312	
CD74	CD74 molecule [Source:HGNC Symbol;Acc:HGNC:1697]	-1.7358747	
ANPEP	alanyl aminopeptidase, membrane [Source:HGNC Symbol;Acc:HGNC:500]	-1.8161947	
CLCA1	chloride channel accessory 1 [Source:HGNC Symbol;Acc:HGNC:2015]	-1.8165706	
AGR2	anterior gradient 2, protein disulphide isomerase family member [Source:HGNC Symbol;Acc:HGNC:328]	-1.942465	
MUC2	mucin 2, oligomeric mucus/gel-forming [Source:HGNC Symbol;Acc:HGNC:7512]	-2.3776157	
FCGBP	Fc fragment of IgG binding protein [Source:HGNC Symbol;Acc:HGNC:13572]	-2.3957767	
LYZ	lysozyme [Source:HGNC Symbol;Acc:HGNC:6740]	-2.4896505	
ITLN1	intelectin 1 [Source:HGNC Symbol;Acc:HGNC:18259]	-2.6217043	
FABP2	fatty acid binding protein 2 [Source:HGNC Symbol;Acc:HGNC:3556]	-2.8678102	
TFF3	trefoil factor 3 [Source:HGNC Symbol;Acc:HGNC:11757]	-2.9344115	
SPINK4	serine peptidase inhibitor Kazal type 4 [Source:HGNC Symbol;Acc:HGNC:16646]	-2.9930012	
DEFA3	defensin alpha 3 [Source:HGNC Symbol;Acc:HGNC:2762]	-3.6635787	
ZG16	zymogen granule protein 16 [Source:HGNC Symbol;Acc:HGNC:30961]	-3.7537282	
FABP6	fatty acid binding protein 6 [Source:HGNC Symbol;Acc:HGNC:3561]	-3.7941802	
